,likelihood,model
0,-2068.813049197422,LR+2
1,-2038.0523680795318,RobustLR+2
2,-3029.046,Adaptive+2
3,-1913.2827,LocalAdaptive+2
4,-2732.6938,GPR
